-- =============================================================================
-- Africa Tourism Gate — installation seeds (idempotent: only run when DB is empty)
-- Default admin: admin@africatourismgate.local / ChangeMe123!
-- =============================================================================

SET NAMES utf8mb4;
SET FOREIGN_KEY_CHECKS = 0;

-- -----------------------------------------------------------------------------
-- 1. permissions
-- -----------------------------------------------------------------------------
INSERT INTO `permissions` (`id`, `code`, `resource`, `action`, `description`) VALUES
('00000000-0000-4000-8000-000000001001', 'users.read', 'users', 'read', 'View users'),
('00000000-0000-4000-8000-000000001002', 'users.write', 'users', 'write', 'Create and update users'),
('00000000-0000-4000-8000-000000001003', 'users.delete', 'users', 'delete', 'Delete users'),
('00000000-0000-4000-8000-000000001004', 'organizations.read', 'organizations', 'read', 'View organizations'),
('00000000-0000-4000-8000-000000001005', 'organizations.write', 'organizations', 'write', 'Manage organizations'),
('00000000-0000-4000-8000-000000001006', 'organization_settings.read', 'organization_settings', 'read', 'View organization settings'),
('00000000-0000-4000-8000-000000001007', 'organization_settings.write', 'organization_settings', 'write', 'Manage organization settings'),
('00000000-0000-4000-8000-000000001008', 'destinations.read', 'destinations', 'read', 'View destinations'),
('00000000-0000-4000-8000-000000001009', 'destinations.write', 'destinations', 'write', 'Manage destinations'),
('00000000-0000-4000-8000-000000001010', 'properties.read', 'properties', 'read', 'View properties'),
('00000000-0000-4000-8000-000000001011', 'properties.write', 'properties', 'write', 'Manage properties'),
('00000000-0000-4000-8000-000000001012', 'bookings.read', 'bookings', 'read', 'View bookings'),
('00000000-0000-4000-8000-000000001013', 'bookings.write', 'bookings', 'write', 'Manage bookings'),
('00000000-0000-4000-8000-000000001014', 'payments.read', 'payments', 'read', 'View payments'),
('00000000-0000-4000-8000-000000001015', 'payments.write', 'payments', 'write', 'Manage payments'),
('00000000-0000-4000-8000-000000001016', 'roles.read', 'roles', 'read', 'View roles'),
('00000000-0000-4000-8000-000000001017', 'roles.write', 'roles', 'write', 'Manage roles'),
('00000000-0000-4000-8000-000000001018', 'permissions.read', 'permissions', 'read', 'View permissions'),
('00000000-0000-4000-8000-000000001019', 'reviews.read', 'reviews', 'read', 'View reviews'),
('00000000-0000-4000-8000-000000001020', 'reviews.write', 'reviews', 'write', 'Manage reviews'),
('00000000-0000-4000-8000-000000001021', 'support_tickets.read', 'support_tickets', 'read', 'View support tickets'),
('00000000-0000-4000-8000-000000001022', 'support_tickets.write', 'support_tickets', 'write', 'Manage support tickets'),
('00000000-0000-4000-8000-000000001023', 'promo_codes.read', 'promo_codes', 'read', 'View promo codes'),
('00000000-0000-4000-8000-000000001024', 'promo_codes.write', 'promo_codes', 'write', 'Manage promo codes'),
('00000000-0000-4000-8000-000000001025', 'amenities.read', 'amenities', 'read', 'View amenities'),
('00000000-0000-4000-8000-000000001026', 'amenities.write', 'amenities', 'write', 'Manage amenities'),
('00000000-0000-4000-8000-000000001027', 'employees.read', 'employees', 'read', 'View employees'),
('00000000-0000-4000-8000-000000001028', 'employees.write', 'employees', 'write', 'Manage employees');

-- -----------------------------------------------------------------------------
-- 2. roles
-- -----------------------------------------------------------------------------
INSERT INTO `roles` (`id`, `code`, `name`, `description`, `is_system`) VALUES
('00000000-0000-4000-8000-000000000100', 'super_admin', 'Super administrator', 'Full platform access', 1),
('00000000-0000-4000-8000-000000000101', 'org_admin', 'Organization administrator', 'Manage organization resources', 1),
('00000000-0000-4000-8000-000000000102', 'support', 'Support agent', 'Customer support operations', 1),
('00000000-0000-4000-8000-000000000103', 'customer', 'Customer', 'End-user booking account', 1);

-- -----------------------------------------------------------------------------
-- 3. organizations (before users; audit FKs nullable)
-- -----------------------------------------------------------------------------
INSERT INTO `organizations` (
  `id`, `name`, `slug`, `description`, `contact_email`, `currency`, `status`
) VALUES (
  '00000000-0000-4000-8000-000000000001',
  'Africa Tourism Gate',
  'africa-tourism-gate',
  'Default platform organization',
  'contact@africatourismgate.local',
  'USD',
  'active'
);

-- -----------------------------------------------------------------------------
-- 4. users (super admin)
-- -----------------------------------------------------------------------------
INSERT INTO `users` (
  `id`, `email`, `password_hash`, `first_name`, `last_name`,
  `preferred_language`, `organization_id`, `status`
) VALUES (
  '00000000-0000-4000-8000-000000000010',
  'admin@africatourismgate.local',
  '$2b$10$7XPNsb3MW964k0f6VWM7KOfPJI1HO2kN9767.mz0UIxOFFWPpsbKS',
  'Super',
  'Admin',
  'fr',
  '00000000-0000-4000-8000-000000000001',
  'active'
);

UPDATE `organizations`
SET `created_by_user_id` = '00000000-0000-4000-8000-000000000010',
    `updated_by_user_id` = '00000000-0000-4000-8000-000000000010'
WHERE `id` = '00000000-0000-4000-8000-000000000001';

-- -----------------------------------------------------------------------------
-- 5. role_permissions
-- -----------------------------------------------------------------------------
-- super_admin: all permissions
INSERT INTO `role_permissions` (`role_id`, `permission_id`, `granted_by_user_id`)
SELECT '00000000-0000-4000-8000-000000000100', `id`, '00000000-0000-4000-8000-000000000010'
FROM `permissions`;

-- org_admin
INSERT INTO `role_permissions` (`role_id`, `permission_id`, `granted_by_user_id`) VALUES
('00000000-0000-4000-8000-000000000101', '00000000-0000-4000-8000-000000001001', '00000000-0000-4000-8000-000000000010'),
('00000000-0000-4000-8000-000000000101', '00000000-0000-4000-8000-000000001002', '00000000-0000-4000-8000-000000000010'),
('00000000-0000-4000-8000-000000000101', '00000000-0000-4000-8000-000000001004', '00000000-0000-4000-8000-000000000010'),
('00000000-0000-4000-8000-000000000101', '00000000-0000-4000-8000-000000001005', '00000000-0000-4000-8000-000000000010'),
('00000000-0000-4000-8000-000000000101', '00000000-0000-4000-8000-000000001006', '00000000-0000-4000-8000-000000000010'),
('00000000-0000-4000-8000-000000000101', '00000000-0000-4000-8000-000000001007', '00000000-0000-4000-8000-000000000010'),
('00000000-0000-4000-8000-000000000101', '00000000-0000-4000-8000-000000001008', '00000000-0000-4000-8000-000000000010'),
('00000000-0000-4000-8000-000000000101', '00000000-0000-4000-8000-000000001009', '00000000-0000-4000-8000-000000000010'),
('00000000-0000-4000-8000-000000000101', '00000000-0000-4000-8000-000000001010', '00000000-0000-4000-8000-000000000010'),
('00000000-0000-4000-8000-000000000101', '00000000-0000-4000-8000-000000001011', '00000000-0000-4000-8000-000000000010'),
('00000000-0000-4000-8000-000000000101', '00000000-0000-4000-8000-000000001012', '00000000-0000-4000-8000-000000000010'),
('00000000-0000-4000-8000-000000000101', '00000000-0000-4000-8000-000000001013', '00000000-0000-4000-8000-000000000010'),
('00000000-0000-4000-8000-000000000101', '00000000-0000-4000-8000-000000001014', '00000000-0000-4000-8000-000000000010'),
('00000000-0000-4000-8000-000000000101', '00000000-0000-4000-8000-000000001025', '00000000-0000-4000-8000-000000000010'),
('00000000-0000-4000-8000-000000000101', '00000000-0000-4000-8000-000000001026', '00000000-0000-4000-8000-000000000010'),
('00000000-0000-4000-8000-000000000101', '00000000-0000-4000-8000-000000001027', '00000000-0000-4000-8000-000000000010'),
('00000000-0000-4000-8000-000000000101', '00000000-0000-4000-8000-000000001028', '00000000-0000-4000-8000-000000000010');

-- support
INSERT INTO `role_permissions` (`role_id`, `permission_id`, `granted_by_user_id`) VALUES
('00000000-0000-4000-8000-000000000102', '00000000-0000-4000-8000-000000001001', '00000000-0000-4000-8000-000000000010'),
('00000000-0000-4000-8000-000000000102', '00000000-0000-4000-8000-000000001012', '00000000-0000-4000-8000-000000000010'),
('00000000-0000-4000-8000-000000000102', '00000000-0000-4000-8000-000000001021', '00000000-0000-4000-8000-000000000010'),
('00000000-0000-4000-8000-000000000102', '00000000-0000-4000-8000-000000001022', '00000000-0000-4000-8000-000000000010'),
('00000000-0000-4000-8000-000000000102', '00000000-0000-4000-8000-000000001019', '00000000-0000-4000-8000-000000000010');

-- customer
INSERT INTO `role_permissions` (`role_id`, `permission_id`, `granted_by_user_id`) VALUES
('00000000-0000-4000-8000-000000000103', '00000000-0000-4000-8000-000000001012', '00000000-0000-4000-8000-000000000010'),
('00000000-0000-4000-8000-000000000103', '00000000-0000-4000-8000-000000001013', '00000000-0000-4000-8000-000000000010'),
('00000000-0000-4000-8000-000000000103', '00000000-0000-4000-8000-000000001019', '00000000-0000-4000-8000-000000000010'),
('00000000-0000-4000-8000-000000000103', '00000000-0000-4000-8000-000000001020', '00000000-0000-4000-8000-000000000010'),
('00000000-0000-4000-8000-000000000103', '00000000-0000-4000-8000-000000001021', '00000000-0000-4000-8000-000000000010'),
('00000000-0000-4000-8000-000000000103', '00000000-0000-4000-8000-000000001022', '00000000-0000-4000-8000-000000000010');

-- -----------------------------------------------------------------------------
-- 6. organization_settings
-- -----------------------------------------------------------------------------
INSERT INTO `organization_settings` (
  `id`, `organization_id`, `setting_group`, `setting_key`, `setting_value`,
  `created_by_user_id`
) VALUES
(
  '00000000-0000-4000-8000-000000000011',
  '00000000-0000-4000-8000-000000000001',
  'general',
  'locale',
  '{"language":"fr","currency":"USD","timezone":"Africa/Kinshasa"}',
  '00000000-0000-4000-8000-000000000010'
),
(
  '00000000-0000-4000-8000-000000000012',
  '00000000-0000-4000-8000-000000000001',
  'booking',
  'defaults',
  '{"holdMinutes":15,"allowGuestCheckout":true}',
  '00000000-0000-4000-8000-000000000010'
),
(
  '00000000-0000-4000-8000-000000000013',
  '00000000-0000-4000-8000-000000000001',
  'branding',
  'platform',
  '{"displayName":"Africa Tourism Gate","primaryColor":"#0B6E4F"}',
  '00000000-0000-4000-8000-000000000010'
);

-- -----------------------------------------------------------------------------
-- 7. user_role_assignments
-- -----------------------------------------------------------------------------
INSERT INTO `user_role_assignments` (
  `id`, `user_id`, `role_id`, `scope_type`, `assigned_by_user_id`
) VALUES (
  '00000000-0000-4000-8000-000000000050',
  '00000000-0000-4000-8000-000000000010',
  '00000000-0000-4000-8000-000000000100',
  'global',
  '00000000-0000-4000-8000-000000000010'
);

-- -----------------------------------------------------------------------------
-- 8. amenities
-- -----------------------------------------------------------------------------
INSERT INTO `amenities` (`id`, `code`, `name`, `created_by_user_id`) VALUES
('00000000-0000-4000-8000-000000004001', 'wifi', 'Wi-Fi', '00000000-0000-4000-8000-000000000010'),
('00000000-0000-4000-8000-000000004002', 'pool', 'Swimming pool', '00000000-0000-4000-8000-000000000010'),
('00000000-0000-4000-8000-000000004003', 'parking', 'Parking', '00000000-0000-4000-8000-000000000010'),
('00000000-0000-4000-8000-000000004004', 'breakfast', 'Breakfast included', '00000000-0000-4000-8000-000000000010'),
('00000000-0000-4000-8000-000000004005', 'ac', 'Air conditioning', '00000000-0000-4000-8000-000000000010'),
('00000000-0000-4000-8000-000000004006', 'gym', 'Fitness center', '00000000-0000-4000-8000-000000000010');

-- -----------------------------------------------------------------------------
-- 9. vehicle_categories
-- -----------------------------------------------------------------------------
INSERT INTO `vehicle_categories` (`id`, `name`, `example_model`, `created_by_user_id`) VALUES
('00000000-0000-4000-8000-000000004010', 'Economy', 'Toyota Yaris', '00000000-0000-4000-8000-000000000010'),
('00000000-0000-4000-8000-000000004011', 'Compact', 'Volkswagen Golf', '00000000-0000-4000-8000-000000000010'),
('00000000-0000-4000-8000-000000004012', 'SUV', 'Toyota RAV4', '00000000-0000-4000-8000-000000000010'),
('00000000-0000-4000-8000-000000004013', 'Premium', 'Mercedes E-Class', '00000000-0000-4000-8000-000000000010');

-- -----------------------------------------------------------------------------
-- 10. organization_bank_accounts (B2B)
-- -----------------------------------------------------------------------------
INSERT INTO `organization_bank_accounts` (
  `id`, `organization_id`, `bank_name`, `account_name`, `account_number`,
  `swift_bic`, `currency`, `is_default`, `created_by_user_id`
) VALUES (
  '00000000-0000-4000-8000-000000000020',
  '00000000-0000-4000-8000-000000000001',
  'Rawbank',
  'Africa Tourism Gate SARL',
  '0001234567890',
  'RAWBCDKI',
  'USD',
  1,
  '00000000-0000-4000-8000-000000000010'
);

-- -----------------------------------------------------------------------------
-- 11. Flight & cruise referentials
-- -----------------------------------------------------------------------------
INSERT INTO `airlines` (`id`, `iata_code`, `name`, `created_by_user_id`) VALUES
('00000000-0000-4000-8000-000000003001', '9S', 'Congo Airways', '00000000-0000-4000-8000-000000000010'),
('00000000-0000-4000-8000-000000003003', 'ET', 'Ethiopian Airlines', '00000000-0000-4000-8000-000000000010'),
('00000000-0000-4000-8000-000000003004', 'KQ', 'Kenya Airways', '00000000-0000-4000-8000-000000000010');

INSERT INTO `airports` (
  `id`, `iata_code`, `name`, `city`, `country_code`, `created_by_user_id`
) VALUES
('00000000-0000-4000-8000-000000003002', 'FIH', 'N''djili International Airport', 'Kinshasa', 'CD', '00000000-0000-4000-8000-000000000010'),
('00000000-0000-4000-8000-000000003005', 'FBM', 'Luano International Airport', 'Lubumbashi', 'CD', '00000000-0000-4000-8000-000000000010'),
('00000000-0000-4000-8000-000000003006', 'NBO', 'Jomo Kenyatta International Airport', 'Nairobi', 'KE', '00000000-0000-4000-8000-000000000010');

INSERT INTO `cruise_lines` (`id`, `name`, `created_by_user_id`) VALUES
('00000000-0000-4000-8000-000000003010', 'Africa River Cruises', '00000000-0000-4000-8000-000000000010');

INSERT INTO `cruise_ports` (
  `id`, `code`, `name`, `country_code`, `created_by_user_id`
) VALUES
('00000000-0000-4000-8000-000000003011', 'CDKIN', 'Kinshasa Port', 'CD', '00000000-0000-4000-8000-000000000010'),
('00000000-0000-4000-8000-000000003012', 'CDBNW', 'Banana Port', 'CD', '00000000-0000-4000-8000-000000000010');

-- -----------------------------------------------------------------------------
-- 12. Demo catalog (destinations, property, room)
-- -----------------------------------------------------------------------------
INSERT INTO `destinations` (
  `id`, `name`, `slug`, `country_code`, `description`, `created_by_user_id`
) VALUES (
  '00000000-0000-4000-8000-000000002001',
  'Kinshasa',
  'kinshasa',
  'CD',
  'Capital of the Democratic Republic of the Congo',
  '00000000-0000-4000-8000-000000000010'
);

INSERT INTO `points_of_interest` (
  `id`, `destination_id`, `name`, `latitude`, `longitude`, `created_by_user_id`
) VALUES (
  '00000000-0000-4000-8000-000000002002',
  '00000000-0000-4000-8000-000000002001',
  'Gombe (city centre)',
  -4.3058000,
  15.3000000,
  '00000000-0000-4000-8000-000000000010'
);

INSERT INTO `properties` (
  `id`, `destination_id`, `name`, `slug`, `property_type`, `star_rating`,
  `description`, `address_line`, `created_by_user_id`
) VALUES (
  '00000000-0000-4000-8000-000000002010',
  '00000000-0000-4000-8000-000000002001',
  'Tourism Gate Demo Hotel',
  'tourism-gate-demo-hotel',
  'hotel',
  4.0,
  'Sample property for staging and demos',
  'Av. du Tourisme, Gombe, Kinshasa',
  '00000000-0000-4000-8000-000000000010'
);

INSERT INTO `property_amenities` (`property_id`, `amenity_id`, `created_by_user_id`) VALUES
('00000000-0000-4000-8000-000000002010', '00000000-0000-4000-8000-000000004001', '00000000-0000-4000-8000-000000000010'),
('00000000-0000-4000-8000-000000002010', '00000000-0000-4000-8000-000000004002', '00000000-0000-4000-8000-000000000010'),
('00000000-0000-4000-8000-000000002010', '00000000-0000-4000-8000-000000004005', '00000000-0000-4000-8000-000000000010');

INSERT INTO `rooms` (
  `id`, `property_id`, `name`, `room_type`, `max_guests`, `bed_config`,
  `base_price_cents`, `currency`, `created_by_user_id`
) VALUES (
  '00000000-0000-4000-8000-000000002011',
  '00000000-0000-4000-8000-000000002010',
  'Standard Double',
  'standard',
  2,
  '1 double bed',
  8500,
  'USD',
  '00000000-0000-4000-8000-000000000010'
);

SET FOREIGN_KEY_CHECKS = 1;
