numero,phase,livrable,priorite,branche_pr,depend_de,prompt
1,0,Module Auth API,Critique,feature/auth-api,,"Implémenter module auth NestJS: POST /api/auth/login, register, refresh, logout. bcrypt, users, user_sessions, JWT. Critères: admin@africatourismgate.local / ChangeMe123! OK."
2,0,JWT & guards NestJS,Critique,feature/api-jwt-guards,1,"JwtAuthGuard, JwtRefreshGuard, @Public(), @CurrentUser(). Protéger tous les contrôleurs sauf /health et auth. Critères: GET /api/users sans token → 401."
3,0,DTOs auth & validation,Haute,feature/auth-dtos-validation,1,"LoginDto, RegisterDto, RefreshTokenDto class-validator, messages FR. Optionnel throttler login. Critères: body invalide → 400."
4,0,Client API typé,Haute,feature/api-client-auth,1,"Étendre packages/api-client: login, register, refresh, logout, Authorization header. Critères: utilisable depuis apps/admin."
5,0,Connexion admin → API,Critique,feature/admin-login-api,"1,4","Brancher admin-login-form.tsx sur POST /api/auth/login. Loading, erreurs FR, redirect /dashboard. Critères: seed admin connecte."
6,0,Inscription admin → API,Haute,feature/admin-register-api,"1,5","Brancher register form, rôle org_admin, org seed. Critères: nouveau compte login OK, email dupliqué → 409."
7,0,Session & middleware admin,Critique,feature/admin-auth-middleware,5,"Middleware Next.js: protéger dashboard, redirect login/dashboard, refresh silencieux. Critères: route protégée sans session → login."
8,0,Mot de passe oublié,Moyenne,feature/auth-password-reset,1,"API forgot-password + reset-password, pages admin. Dev: log lien console. Critères: reset token valide OK."
9,0,RBAC sur endpoints,Haute,feature/api-rbac-enforcement,2,"PermissionsGuard + @RequirePermissions. users, organizations, bookings, payments. super_admin bypass. Critères: sans permission → 403."
10,1,Shell dashboard admin,Critique,feature/admin-dashboard-shell,7,"Layout dashboard: sidebar, header, logout, nav principale. Critères: navigation et logout OK."
11,1,Page tableau de bord,Haute,feature/admin-dashboard-home,10,"Page /dashboard KPIs users, bookings, revenus, properties via API. Critères: chiffres cohérents seed."
12,1,CRUD Organisations,Haute,feature/admin-organizations,"10,9","Liste + CRUD organizations, pagination, permissions. Critères: slug unique."
13,1,CRUD Utilisateurs,Haute,feature/admin-users,"10,9","Admin users: liste, filtres, soft delete, jamais password_hash. Critères: statuts active/suspended."
14,1,CRUD Employés,Moyenne,feature/admin-employees,13,"UI employees liée users et organizations. Critères: liste par org."
15,1,Gestion rôles & permissions,Haute,feature/admin-rbac-ui,"10,9","Écrans roles, permissions, assignments, matrice checkboxes. Critères: assigner rôle user."
16,1,Journal audit RBAC,Basse,feature/admin-rbac-audit-logs,15,"Page lecture rbac_audit_logs paginée. Critères: visible super_admin."
17,1,Paramètres organisation,Moyenne,feature/admin-org-settings,12,"organization_settings + bank_accounts, masquer IBAN. Critères: sauvegarde OK."
18,2,Destinations (admin),Haute,feature/admin-destinations,10,"CRUD destinations + points_of_interest. Critères: POI liés."
19,2,Hébergements — propriétés,Haute,feature/admin-properties,18,"CRUD properties, images, amenities. Critères: filtre destination."
20,2,Chambres & équipements,Haute,feature/admin-rooms-amenities,19,"CRUD rooms par property, amenities globales. Critères: multi-select amenities."
21,2,Disponibilités chambres,Haute,feature/admin-room-availability,20,"Calendrier room_availability, stock, prix, bulk dates. Critères: conflits gérés."
22,2,Vols (catalogue),Moyenne,feature/admin-flights-catalog,10,"Admin airlines, airports, flights, classes, availability. Critères: vol + dispo."
23,2,Location véhicules,Moyenne,feature/admin-vehicle-rental,10,"Admin agencies, vehicles, categories, availability. Critères: dispo dates."
24,2,Croisières,Moyenne,feature/admin-cruises-catalog,10,"Admin cruise lines, ships, cabins, sailings, itineraries. Critères: sailing + itinéraire."
25,2,Activités,Moyenne,feature/admin-activities-catalog,18,"CRUD providers, activities, schedules. Critères: créneaux par destination."
26,2,Packages combinés,Moyenne,feature/admin-packages,"19,22","CRUD packages + package_items polymorphes. Critères: multi-items."
27,3,Logique métier réservation,Critique,feature/api-booking-engine,21,"BookingEngine: vérif dispo, calcul total, statuts, POST checkout-preview et /bookings. Critères: pas sans stock."
28,3,Booking items polymorphes,Haute,feature/api-booking-items-logic,27,"Items multi-types room/flight/vehicle/cabin/activity. Annulation libère stock. Critères: mixte OK."
29,3,Admin — liste réservations,Haute,feature/admin-bookings,"27,10","Tableau bookings filtres pagination. Critères: bookings.read."
30,3,Admin — détail réservation,Haute,feature/admin-booking-detail,29,"Page /dashboard/bookings/[id], statut, annulation. Critères: via engine #27."
31,3,Intégration Stripe,Critique,feature/stripe-payments,27,"Stripe PaymentIntent/Checkout, webhook, payments table. Critères: test mode + booking confirmed."
32,3,Codes promo & promotions,Moyenne,feature/promo-codes-checkout,"27,31","promo_codes dans checkout-preview. Critères: réduction correcte."
33,3,Remboursements,Moyenne,feature/payments-refunds,31,"POST refund Stripe, statut refunded. Critères: booking annulé only."
34,4,Remplacer Coming Soon,Haute,feature/web-homepage-v1,,"Homepage marketing apps/web: hero, verticales, CTA, SEO. Critères: responsive."
35,4,Recherche hébergements,Haute,feature/web-hotel-search,"21,34","Page /hotels recherche + résultats API. Critères: état vide géré."
36,4,Fiche produit hébergement,Haute,feature/web-property-detail,35,"Page /hotels/[id] galerie, chambres, CTA Réserver. Critères: prix selon dates."
37,4,Parcours réservation web,Critique,feature/web-booking-checkout,"27,31,35","Panier → Stripe → confirmation. Critères: E2E test mode."
38,4,Compte client web,Haute,feature/web-customer-account,"1,37","/account profil, adresses, réservations. Rôle customer. Critères: ses bookings only."
39,4,Avis & notes,Moyenne,feature/web-reviews,37,"Reviews affichage + post-séjour. Critères: 1 avis/booking."
40,4,Support client,Moyenne,feature/web-support,34,"/support FAQ + support_tickets. Critères: ticket en DB."
41,4,Fidélité OneKey,Basse,feature/web-loyalty,38,"loyalty_accounts solde, points après paiement. Critères: solde mis à jour."
42,5,Shell POS,Haute,feature/pos-shell-auth,"1,7","Layout POS tactile, login employé, sélection org. Critères: session employé."
43,5,Vente sur place,Haute,feature/pos-quick-sale,"27,42","Vente rapide panier cash/Stripe, booking+payment. Critères: < 10 clics."
44,5,Reçus & impression,Moyenne,feature/pos-receipts,43,"Reçu HTML/PDF + email. Critères: impression OK."
45,6,Tests API (e2e),Haute,feature/api-e2e-tests,"1,27","Jest supertest health, auth, booking. Critères: suite verte."
46,6,Tests E2E front,Moyenne,feature/e2e-playwright,"5,37","Playwright admin login + web checkout. Critères: 2 specs stables."
47,6,CI GitHub Actions,Haute,feature/ci-github-actions,,"ci.yml pnpm lint build test. Critères: PR déclenche CI."
48,6,Observabilité,Moyenne,feature/api-observability,,"Logs structurés, health DB ping. Critères: unhealthy si DB down."
49,6,i18n FR/EN,Moyenne,feature/i18n-fr-en,"10,34","next-intl admin+web, preferred_language. Critères: FR défaut EN auth."
50,6,OpenAPI → client,Basse,feature/openapi-codegen,4,"Codegen Swagger → api-client. pnpm codegen:api. Critères: login typé."
51,6,Durcissement prod,Haute,feature/production-hardening,"2,31","CORS strict, nginx headers, rate limit, doc prod. Critères: checklist sécurité."
52,6,Notifications email,Moyenne,feature/email-notifications,"8,37","Email booking, reset, bienvenue. SMTP .env.example. Critères: dev Mailpit."
